Rank,Site ID,Site Name,Size (kW DC),WA PR (%),Raw PR (%),Insol Gap (%),Availability (%),Rev Impact ($),Smart Prod (kWh),Meter (kWh),Inverter (kWh),Specific Yield (kWh/kWp),Data Quality,Capacity Factor (%),BESS Site,Data Quality Flags
1,SP-110,"Gametime",326.3,3043.4,2130.9,-30.0,41.7,35872.49,150869,150869,0,462.35,good,1321.0,No,"wa_pr_extreme_high"
2,SP-104,"0 Bowman",1316.5,431.6,431.6,0.0,79.5,18386.36,137607,137607,0,104.53,good,298.6,No,"wa_pr_extreme_high"
3,SP-437,"Interstate 260",711.7,272.7,164.2,-39.8,100.0,1868.88,12647,12647,0,17.77,good,50.8,No,"wa_pr_extreme_high; insolation_gap_negative; availability_estimated_from_cf"
4,SP-578B,"(Pebble) St. James Education Center",28,245.0,173.4,-29.2,92.5,216.33,1461,1461,0,52.19,good,149.1,No,"wa_pr_extreme_high"
5,SP-586,"(Pebble) Franklin Site",2060,204.5,298.8,46.1,99.5,2005.90,49685,49685,0,24.12,good,68.9,No,"wa_pr_extreme_high; insolation_gap_positive"
6,SP-130,"3 Colton",4621.5,191.5,166.6,-13.0,76.0,12274.39,192282,192282,0,41.61,good,118.9,No,"wa_pr_extreme_high"
7,SP-558,"(Pebble) KPUB - Jack Furman Site",1840,177.8,38.8,-78.2,90.0,641.92,23226,23226,0,12.62,good,36.1,No,"wa_pr_extreme_high; insolation_gap_negative"
8,SP-478,"(Pebble) Troup Pine Mountain",995,177.0,68.5,-61.3,100.0,1210.72,23234,23234,0,23.35,good,66.7,No,"wa_pr_extreme_high; insolation_gap_negative"
9,SP-578A,"(Pebble) St. James Church",28,172.0,128.9,-25.0,94.1,113.71,1086,1086,0,38.79,good,110.8,No,"wa_pr_extreme_high"
10,SP-288,"Yeshiva",819.7,167.1,74.8,-55.3,82.5,1652.23,12532,12532,0,15.29,good,43.7,No,"wa_pr_extreme_high; insolation_gap_negative"
11,SP-057,"357 Hokum",129.4,155.8,123.2,-20.9,33.3,288.34,3192,3192,0,24.68,good,70.5,No,"wa_pr_extreme_high"
12,SP-133,"203 Moonachie",496.8,154.8,76.5,-50.6,100.0,1103.26,7456,7456,0,15.01,good,42.9,No,"wa_pr_extreme_high; insolation_gap_negative"
13,SP-529,"(Pebble) Sisters of St. Joseph",1000,153.3,87.5,-42.9,85.7,1182.93,22455,22455,0,22.45,good,64.2,No,"wa_pr_extreme_high; insolation_gap_negative"
14,SP-169,"Elliott St (Newark)",416.3,146.9,69.9,-52.4,100.0,,6345,6345,0,15.24,good,43.5,No,"wa_pr_extreme_high; insolation_gap_negative"
15,SP-525,"(Pebble) Home Depot - Cape May, NJ - (Store #943)",448,142.9,63.3,-55.7,100.0,804.90,6468,6468,0,14.44,good,41.3,No,"wa_pr_extreme_high; insolation_gap_negative"
16,SP-552,"(Pebble) Hammer",6430,142.7,59.6,-58.2,100.0,2472.60,78177,78177,0,12.16,good,34.7,No,"wa_pr_extreme_high; insolation_gap_negative"
17,SP-277,"LL 4901 Bandini",948.2,141.9,92.0,-35.1,100.0,959.24,29042,29042,0,30.63,good,87.5,No,"wa_pr_extreme_high; insolation_gap_negative"
18,SP-553,"(Pebble) Monticello",6772,139.8,58.1,-58.5,97.4,2420.63,80444,80444,0,11.88,good,33.9,No,"wa_pr_extreme_high; insolation_gap_negative"
19,SP-047,"Raboth",4609.5,137.2,73.0,-46.8,77.8,6015.44,85375,85375,0,18.52,good,52.9,No,"wa_pr_extreme_high; insolation_gap_negative"
20,SP-084B,"Cleveland Heights - Community Center",518.2,136.5,105.6,-22.6,87.5,380.48,9408,9408,0,18.15,good,51.9,No,"wa_pr_extreme_high"
21,SP-554,"(Pebble) Tiller",6318,135.9,54.9,-59.6,100.0,1997.45,71487,71487,0,11.31,good,32.3,No,"inverter_only; wa_pr_extreme_high; insolation_gap_negative"
22,SP-382,"Scripps 10010  Campus Point",601.9,134.1,148.9,11.0,87.5,1687.15,27087,27087,0,45.00,good,128.6,No,"wa_pr_extreme_high"
23,SP-508,"(Pebble) Yucca Mesa ES",126,133.6,116.4,-12.9,94.3,289.77,4720,4720,0,37.46,good,107.0,No,"wa_pr_extreme_high"
24,SP-503,"(Pebble) Onaga ES",275,132.9,102.4,-22.9,90.2,584.69,9690,9690,0,35.24,good,100.7,No,"wa_pr_extreme_high"
25,SP-509,"(Pebble) Yucca Valley ES",198,129.3,108.8,-15.9,96.1,406.14,7350,7350,0,37.12,good,106.1,No,""
26,SP-479,"(Pebble) Hardwick Athol",2287,128.7,97.7,-24.1,54.8,2576.08,58690,58690,0,25.66,good,73.3,No,""
27,SP-373,"Genesis - NIPSCO",324.4,126.7,74.7,-41.0,100.0,214.32,5269,5269,0,16.24,good,46.4,No,"insolation_gap_negative"
28,SP-502,"(Pebble) Oasis ES",231,125.5,102.7,-18.2,95.5,413.24,8330,8330,0,36.06,good,103.0,No,""
29,SP-409B,"ChemGlass NJ - Building 2",289.4,125.4,90.8,-27.6,,480.98,6448,6448,0,22.28,good,63.6,No,""
30,SP-570C,"(Pebble) SS Admin Complex",310,124.8,96.7,-22.5,100.0,220.05,10209,10209,0,32.93,good,94.1,No,""
31,SP-129,"Hazlet",422.8,124.5,70.6,-43.3,100.0,465.31,6168,6168,0,14.59,good,41.7,No,"insolation_gap_negative"
32,SP-476,"(Pebble) Macon State Prison",995,123.9,49.9,-59.7,99.6,399.28,17507,17507,0,17.59,good,50.3,No,"insolation_gap_negative"
33,SP-500,"(Pebble) Landers ES",77,123.9,97.3,-21.5,95.0,123.74,2630,2630,0,34.16,good,97.6,No,""
34,SP-066D,"Lakewood - Winterhurst Ice Rink",241,123.0,111.1,-9.6,100.0,112.07,4226,4226,0,17.53,good,50.1,No,""
35,SP-570D,"(Pebble) SS Craycroft",253,121.2,93.9,-22.5,100.0,164.07,8649,8649,0,34.18,good,97.7,No,""
36,SP-506,"(Pebble) Twenty Nine Palms HS",379,121.0,92.3,-23.7,95.5,528.10,12480,12480,0,32.93,good,94.1,No,""
37,SP-531E,"(Pebble) City of Woodland - Meter 5 (MSC)",132,120.1,109.4,-8.9,100.0,131.47,4420,4420,0,33.48,good,95.7,No,""
38,SP-507,"(Pebble) Twenty Nine Palms JHS",291,118.8,95.8,-19.3,92.8,399.96,10360,10360,0,35.60,good,101.7,No,""
39,SP-278,"Linwood - Seaview",529.2,118.7,67.6,-43.1,100.0,98.29,7951,7951,0,15.03,good,42.9,No,"insolation_gap_negative"
40,SP-089,"Boulder - 63rd WTP",719.3,118.5,111.6,-5.9,49.8,686.11,24810,24810,0,34.49,good,98.6,No,""
41,SP-099,"Boulder - Visitors Center",66.6,118.5,121.5,2.5,100.0,27.99,1776,1776,0,26.66,good,76.2,No,""
42,SP-097,"Boulder - Iris Center",40,118.4,103.8,-12.3,49.3,20.86,1042,1042,0,26.07,good,74.5,No,""
43,SP-230,"1639 Ocean",246.2,116.4,80.6,-30.8,100.0,244.24,4658,4658,0,18.92,good,54.0,No,"insolation_gap_negative"
44,SP-570B,"(Pebble) SS Drexel",270,116.4,90.2,-22.5,100.0,139.35,9117,9117,0,33.77,good,96.5,No,""
45,SP-531C,"(Pebble) City of Woodland - Meter 3 (Community Center)",511,115.5,103.3,-10.5,100.0,417.67,17530,17530,0,34.31,good,98.0,No,""
46,SP-496,"(Pebble) Condor ES",209,115.3,98.3,-14.8,96.9,258.50,7970,7970,0,38.13,good,109.0,No,""
47,SP-572,"(Pebble) St. Francis of Assisi Catholic Church",202,115.2,113.2,-1.7,100.0,210.96,6359,6359,0,31.48,good,89.9,No,"inverter_only"
48,SP-085C,"KSU-Stark",260.8,115.0,105.0,-8.8,100.0,45.70,4375,4375,0,16.77,good,47.9,No,""
49,SP-272,"Naugatuck-Daycare",27.4,114.8,75.2,-34.5,100.0,6.39,418,418,0,15.28,good,43.6,No,"insolation_gap_negative"
50,SP-556,"(Pebble) Haven Solar",4180,114.8,52.2,-54.5,100.0,707.57,53225,53225,0,12.73,good,36.4,No,"insolation_gap_negative"
51,SP-096,"Boulder - Fire 8 FTC",146.5,114.6,114.6,0.0,100.0,74.75,5172,5172,0,35.30,good,100.8,No,""
52,SP-183,"Bolden Student Center (Newark)",20.5,114.6,65.9,-42.5,100.0,3.86,282,282,0,13.76,good,39.3,No,"insolation_gap_negative"
53,SP-270,"JFW - Skylane",889.4,113.4,115.6,1.9,100.0,333.00,25695,25695,0,28.89,good,82.5,No,""
54,SP-482D,"(Pebble) SUNY Selkirk Solar SE/1",2599,113.4,79.4,-30.0,97.7,726.87,52624,52624,0,20.25,good,57.9,No,""
55,SP-544,"(Pebble) Hauer Solar",6390,113.4,63.5,-44.0,84.9,1249.17,97697,97697,0,15.29,good,43.7,No,"insolation_gap_negative"
56,SP-532,"(Pebble) Lassen",9309,113.3,88.2,-22.2,95.1,1821.50,239991,239991,0,25.78,good,73.7,No,""
57,SP-369B,"Amazon LAX9 System 2",2488.6,113.1,113.1,0.0,100.0,-993.09,84060,84060,0,33.78,good,96.5,No,""
58,SP-056,"Bowie State",1198.8,113.0,72.4,-35.9,100.0,240.24,20604,20604,0,17.19,good,49.1,No,"insolation_gap_negative"
59,SP-369A,"Amazon LAX9 System   1",2488.6,113.0,113.0,0.0,99.9,-996.97,83990,83990,0,33.75,good,96.4,No,""
60,SP-368,"Amazon LAS7",1198.8,112.9,112.0,-0.8,100.0,552.84,44657,44657,0,37.25,good,106.4,No,""
61,SP-499,"(Pebble) La Contenta MS",285,112.7,88.1,-21.8,92.9,260.95,9520,9520,0,33.40,good,95.4,No,""
62,SP-082,"East Bridgewater (611 Oak St.)",1072.6,112.6,115.1,2.3,100.0,898.33,27052,27052,0,25.22,good,72.1,No,""
63,SP-582,"(Pebble) Rodriguez HS",770,112.6,116.1,3.0,100.0,359.19,23989,23989,0,31.15,good,89.0,No,""
64,SP-055D,"UMD - Building IV (BSE)",59.9,112.3,73.7,-34.4,50.0,30.26,1052,1052,0,17.55,good,50.1,No,"insolation_gap_negative"
65,SP-475,"(Pebble) Evans County, GA",494.5,111.5,87.3,-21.7,96.8,147.68,12558,12558,0,25.40,good,72.6,No,""
66,SP-498,"(Pebble) Joshua Tree ES",390,111.5,97.3,-12.7,96.4,362.95,14460,14460,0,37.08,good,105.9,No,""
67,SP-055C,"UMD - Building I",35.5,111.1,65.3,-41.2,100.0,11.59,617,617,0,17.38,good,49.6,No,"insolation_gap_negative"
68,SP-064,"Church of Nativity",75.6,111.1,72.5,-34.7,100.0,59.86,1231,1231,0,16.28,good,46.5,No,"insolation_gap_negative"
69,SP-072,"6 Jan Sebastian",118.6,110.9,88.3,-20.4,100.0,57.04,2158,2158,0,18.20,good,52.0,No,""
70,SP-482B,"(Pebble) SUNY Selkirk Solar NE/2",2608,110.7,77.6,-30.0,97.6,581.55,51380,51380,0,19.70,good,56.3,No,""
71,SP-397,"LL - Novi HQ MI",358.6,110.5,82.8,-25.1,100.0,182.93,8229,8229,0,22.95,good,65.6,No,""
72,SP-066B,"Lakewood - Maintenance Utilities Garage (M.U.G.)",120.9,110.4,95.2,-13.8,94.0,34.86,2000,2000,0,16.54,good,47.3,No,""
73,SP-190,"Hawthorne Ave (Newark)",144.2,110.3,65.6,-40.5,100.0,,2134,2134,0,14.80,good,42.3,No,"insolation_gap_negative"
74,SP-494,"(Pebble) Merced SD - MOT",78,110.0,111.2,1.2,100.0,38.12,2537,2537,0,32.53,good,92.9,No,""
75,SP-565,"(Pebble) John Muir Health",371,109.8,109.8,0.0,100.0,-1141.35,11590,11590,0,31.24,good,89.3,No,""
76,SP-596,"(Pebble) Pierpont Solar",2853,109.8,69.1,-37.1,100.0,1801.23,54129,54129,0,18.97,good,54.2,No,"insolation_gap_negative; availability_estimated_from_cf"
77,SP-092,"Boulder - 1500 Pearl",259.7,108.8,103.6,-4.8,100.0,43.46,5876,5876,0,22.62,good,64.6,No,""
78,SP-263,"Phillipsburg (Lowes)",1148.5,108.8,73.2,-32.7,100.0,122.66,18972,18972,0,16.52,good,47.2,No,"insolation_gap_negative"
79,SP-551,"(Pebble) Schultz North",2621,108.7,63.6,-41.5,100.0,370.19,43754,43754,0,16.69,good,47.7,No,"insolation_gap_negative"
80,SP-563F,"(Pebble) City of San Joaquin - WEST CHERRY LN",111,108.6,117.9,8.6,100.0,73.65,4396,4396,0,39.61,good,113.2,No,""
81,SP-570A,"(Pebble) SS BL Lauffer Middle School",370,108.3,83.3,-23.1,87.5,93.72,11229,11229,0,30.35,good,86.7,No,""
82,SP-063,"St. Anthony of Padua",427.2,108.1,76.2,-29.5,91.7,183.32,7066,7066,0,16.54,good,47.3,No,""
83,SP-005,"Nicollet",1440.7,107.8,66.0,-38.7,66.7,1192.40,22721,22721,0,15.77,good,45.1,No,"insolation_gap_negative"
84,SP-543,"(Pebble) Menke Solar",4211,107.7,58.4,-45.8,98.9,513.10,66429,66429,0,15.78,good,45.1,No,"insolation_gap_negative"
85,SP-198,"Peshine Ave (Newark)",130.7,107.5,61.2,-43.1,100.0,,1895,1895,0,14.50,good,41.4,No,"insolation_gap_negative"
86,SP-489,"(Pebble) Merced SD - Gracey ES",156,107.5,108.7,1.2,100.0,57.32,4960,4960,0,31.79,good,90.8,No,""
87,SP-022,"15 Main St.",157.1,107.3,87.1,-18.9,99.2,17.60,2489,2489,0,15.84,good,45.3,No,""
88,SP-482A,"(Pebble) SUNY Selkirk Solar Center/3",2599,106.9,75.3,-29.5,93.4,374.80,49882,49882,0,19.19,good,54.8,No,""
89,SP-201,"Regional Day (Newark)",175,106.6,61.3,-42.5,100.0,,2565,2565,0,14.66,good,41.9,No,"insolation_gap_negative"
90,SP-491,"(Pebble) Merced SD - John Muir ES",80,106.6,106.7,0.1,100.0,25.01,2433,2433,0,30.41,good,86.9,No,""
91,SP-540,"(Pebble) KMT Solar",2500,106.1,64.6,-39.1,100.0,1163.52,43440,43440,0,17.38,good,49.6,No,"insolation_gap_negative"
92,SP-577,"(Pebble) St Peters School & Hall",110,106.1,101.3,-4.5,100.0,46.10,3186,3186,0,28.96,good,82.8,No,"availability_estimated_from_cf"
93,SP-517,"(Pebble) Home Depot - Hazlet, NJ - (Store #926)",330,106.0,63.9,-39.8,100.0,131.41,5594,5594,0,16.95,good,48.4,No,"insolation_gap_negative"
94,SP-534,"(Pebble) Dickinson College Site",4070,106.0,61.3,-42.1,100.0,311.62,61200,61200,0,15.04,good,43.0,No,"insolation_gap_negative"
95,SP-098,"Boulder - NBRC",119.9,105.8,116.1,9.8,99.5,41.17,3276,3276,0,27.33,good,78.1,No,""
96,SP-542,"(Pebble) Lenzen Solar",5740,105.8,51.3,-51.5,91.9,476.38,80252,80252,0,13.98,good,39.9,No,"insolation_gap_negative"
97,SP-304,"JFW - Verite",137.9,105.7,105.7,0.0,100.0,-267.55,4050,4050,0,29.37,good,83.9,No,""
98,SP-291,"St. Thomas Church",57.1,105.4,68.9,-34.6,100.0,4.49,854,854,0,14.95,good,42.7,No,"insolation_gap_negative"
99,SP-481A,"(Pebble) GE 19th Hole NE/E4",2630,105.4,76.6,-27.3,93.2,334.69,54160,54160,0,20.59,good,58.8,No,""
100,SP-103,"3215 Merryfield",415.9,105.2,107.6,2.3,100.0,323.41,14486,14486,0,34.83,good,99.5,No,""
101,SP-265,"Woodbridge (Lowes)",1122.6,104.9,67.5,-35.6,100.0,68.41,18197,18197,0,16.21,good,46.3,No,"insolation_gap_negative"
102,SP-125,"St. Pius",323.4,104.8,104.8,0.0,100.0,-140.80,8075,8075,0,24.97,good,71.3,No,""
103,SP-055A,"UMD - Traville Garage",426.2,104.7,73.2,-30.1,100.0,95.81,7541,7541,0,17.69,good,50.5,No,"insolation_gap_negative"
104,SP-518,"(Pebble) Home Depot - Milltown, NJ - (Store #918)",383,104.7,65.2,-37.7,100.0,120.74,6456,6456,0,16.86,good,48.2,No,"insolation_gap_negative"
105,SP-497,"(Pebble) Friendly Hills ES",170,104.3,82.7,-20.6,99.3,55.69,5590,5590,0,32.88,good,93.9,No,""
106,SP-177,"Sussex Ave (Newark)",270.4,104.2,59.5,-42.9,100.0,,3667,3667,0,13.56,good,38.8,No,"insolation_gap_negative"
107,SP-524,"(Pebble) Home Depot - Berlin Township, NJ - (Store #940)",419.5,104.0,60.5,-41.9,100.0,102.89,6434,6434,0,15.34,good,43.8,No,"insolation_gap_negative"
108,SP-485,"(Pebble) Merced SD - Ada Givens ES",156,103.8,105.0,1.2,100.0,29.22,4790,4790,0,30.71,good,87.7,No,""
109,SP-111A,"Lord Phillips - Building A",160.6,103.7,53.9,-48.0,48.2,491.21,1632,1632,0,10.16,good,29.0,No,"insolation_gap_negative"
110,SP-036A,"Loyalsock Elementary School",496.9,103.6,67.4,-34.9,36.7,75.61,7192,7192,0,14.47,good,41.4,No,"insolation_gap_negative"
111,SP-332,"Cromwell",2402.4,103.6,68.7,-33.7,100.0,675.21,38550,38550,0,16.05,good,45.8,No,"insolation_gap_negative"
112,SP-487,"(Pebble) Merced SD - Charles Wright ES",150,103.6,103.7,0.1,100.0,27.43,4730,4730,0,31.53,good,90.1,No,""
113,SP-326,"LL Allentown 1 PA (Ruppsville)",3519.5,103.5,68.0,-34.3,97.9,479.07,56452,56452,0,16.04,good,45.8,No,"insolation_gap_negative"
114,SP-156,"Gibbsboro",315.4,103.4,70.0,-32.3,33.3,154.45,5040,5040,0,15.98,good,45.7,No,"insolation_gap_negative"
115,SP-328,"LL - Orefield PA",2568.2,103.4,67.9,-34.3,100.0,337.79,39708,39708,0,15.46,good,44.2,No,"insolation_gap_negative"
116,SP-102,"10300 Campus",239,102.9,99.9,-2.9,100.0,140.88,7503,7503,0,31.39,good,89.7,No,""
117,SP-482C,"(Pebble) SUNY Selkirk Solar NW/4",2599,102.8,72.4,-29.5,92.5,150.52,47962,47962,0,18.45,good,52.7,No,""
118,SP-120,"Church of the Holy Family",256,102.6,97.5,-5.0,100.0,38.89,5936,5936,0,23.19,good,66.3,No,""
119,SP-510,"(Pebble) Yucca Valley HS",576,102.6,92.7,-9.7,97.8,125.08,20034,20034,0,34.78,good,99.4,No,""
120,SP-100,"3013 Science",225,102.4,101.6,-0.8,100.0,176.42,7496,7496,0,33.32,good,95.2,No,""
121,SP-117,"Hartland",5839.7,102.4,74.7,-27.1,72.2,2376.07,104694,104694,0,17.93,good,51.2,No,""
122,SP-348,"Delaware Valley High School",1035,102.3,70.3,-31.2,100.0,1294.34,15809,15809,0,15.27,good,43.6,No,"insolation_gap_negative"
123,SP-483A,"(Pebble) SUNY Perth Solar North/1",2608.5,102.2,83.2,-18.6,99.7,138.60,55096,55096,0,21.12,good,60.3,No,""
124,SP-264,"Toms River (Lowes)",1251,102.1,65.0,-36.3,100.0,34.04,20624,20624,0,16.49,good,47.1,No,"insolation_gap_negative"
125,SP-469B,"(Pebble) Bethlehem West",1308,102.0,74.1,-27.3,95.2,49.61,24400,24400,0,18.65,good,53.3,No,""
126,SP-055B,"UMD - Shady Grove Garage",264.2,101.9,73.6,-27.7,100.0,891.03,4733,4733,0,17.92,good,51.2,No,""
127,SP-492,"(Pebble) Merced SD - Luther Burbank ES",120,101.8,103.0,1.2,100.0,11.33,3760,3760,0,31.33,good,89.5,No,""
128,SP-488,"(Pebble) Merced SD - Donn Chenoweth ES",200,101.7,102.9,1.2,99.4,16.89,6100,6100,0,30.50,good,87.1,No,""
129,SP-567,"(Pebble) BGCSD-SBHB",164,101.7,94.4,-7.2,100.0,15.61,5240,5240,0,31.95,good,91.3,No,"availability_estimated_from_cf"
130,SP-574,"(Pebble) St Mark's Parish",158,101.7,101.7,0.0,96.7,-257.14,5450,5450,0,34.49,good,98.5,No,""
131,SP-501,"(Pebble) Morongo Valley ES",93,101.6,85.6,-15.7,94.5,12.95,3470,3470,0,37.31,good,106.6,No,""
132,SP-486,"(Pebble) Merced SD - Allan Peterson ES",162,101.3,102.5,1.2,100.0,10.60,5140,5140,0,31.73,good,90.7,No,""
133,SP-157,"Immaculata",578.6,101.2,67.3,-33.5,100.0,182.91,9009,9009,0,15.57,good,44.5,No,"insolation_gap_negative"
134,SP-015,"Preferred Freezer (NJ)",999.8,101.1,72.8,-28.0,100.0,372.39,14884,14884,0,14.89,good,42.5,No,""
135,SP-331,"Hollinswood",949.3,101.1,68.1,-32.6,100.0,204.51,15605,15605,0,16.44,good,47.0,No,"insolation_gap_negative"
136,SP-481C,"(Pebble) GE 19th Hole SE/F3",2570,101.0,73.4,-27.3,97.4,60.90,51890,51890,0,20.19,good,57.7,No,""
137,SP-290,"St. Thomas School",267.3,100.7,67.7,-32.8,75.0,17.07,4001,4001,0,14.97,good,42.8,No,"insolation_gap_negative"
138,SP-078A,"Ferris 1 - High School",201.2,100.6,52.2,-48.2,100.0,17.70,2781,2781,0,13.82,good,39.5,No,"insolation_gap_negative"
139,SP-026,"Carey",1117.2,100.3,89.4,-10.9,100.0,295.52,23273,23273,0,20.83,good,59.5,No,""
140,SP-405,"CMP ME Portfolio - South China",1430,99.9,95.6,-4.3,100.0,-7.72,34810,34810,0,24.34,good,69.6,No,""
141,SP-512,"(Pebble) Macys Monmouth",800,99.9,62.8,-37.1,84.6,-6.86,12929,12929,0,16.16,good,46.2,No,"insolation_gap_negative"
142,SP-275,"Meridian HS",441.7,99.7,74.7,-25.0,100.0,66.67,7888,7888,0,17.86,good,51.0,No,""
143,SP-481D,"(Pebble) GE 19th Hole SW/E3",2580,99.7,83.5,-16.3,99.9,-22.79,59020,59020,0,22.88,good,65.4,No,""
144,SP-490,"(Pebble) Merced SD - Herbert Hoover MS",280,99.4,99.4,0.0,100.0,-9.28,8610,8610,0,30.75,good,87.9,No,""
145,SP-531F,"(Pebble) City of Woodland - Meter 6/7 (City Hall/ Library)",227,98.9,84.0,-15.0,100.0,-12.20,6110,6110,0,26.92,good,76.9,No,""
146,SP-505,"(Pebble) Twenty Nine Palms ES",252,98.8,98.8,0.0,97.1,-276.13,9350,9350,0,37.10,good,106.0,No,""
147,SP-303,"Impact Church",295.6,98.7,65.9,-33.2,100.0,-21.72,4007,4007,0,13.55,good,38.7,No,"insolation_gap_negative"
148,SP-316,"NEE - Soccerplex",594.3,98.7,69.7,-29.3,100.0,-24.37,9380,9380,0,15.78,good,45.1,No,""
149,SP-312,"VT McComas Hall",268.4,98.6,98.6,0.0,100.0,-9.35,6724,6724,0,25.05,good,71.6,No,""
150,SP-410,"Visalia IGS (Amazon)",4536,98.6,98.6,0.0,97.1,-1786.45,142148,142148,0,31.34,good,89.5,No,""
151,SP-145,"HSC - Phoenix",278.6,98.5,109.1,10.8,100.0,67.30,9334,9334,0,33.50,good,95.7,No,""
152,SP-550,"(Pebble) Devine Johnson",6630,98.5,54.6,-44.6,97.8,-148.56,89578,89578,0,13.51,good,38.6,No,"insolation_gap_negative"
153,SP-357,"GP - Valdosta Mud Creek",379,98.4,98.4,0.0,100.0,-84.59,11166,11166,0,29.46,good,84.2,No,""
154,SP-043,"334 Hokum",100.1,98.3,74.9,-23.8,100.0,-10.45,1576,1576,0,15.75,good,45.0,No,""
155,SP-481B,"(Pebble) GE 19th Hole NW/C2",2630,98.2,71.3,-27.3,91.8,-113.51,50444,50444,0,19.18,good,54.8,No,""
156,SP-121,"Our Lady of Lourdes",109,97.9,95.8,-2.2,100.0,-0.37,2465,2465,0,22.61,good,64.6,No,""
157,SP-334,"Montclair-Middle School",358.6,97.6,65.0,-33.5,100.0,32.55,5148,5148,0,14.35,good,41.0,No,"insolation_gap_negative"
158,SP-253,"989 Freemans Way",2473.9,97.4,78.4,-19.5,100.0,3655.24,36863,36863,0,14.90,good,42.6,No,"availability_estimated_from_cf"
159,SP-273,"Naugatuck-Recreation Maintenance",19.2,97.3,87.7,-9.9,100.0,3.64,384,384,0,20.02,good,57.2,No,""
160,SP-228,"Stony Point",172.8,97.2,69.6,-28.4,75.0,8.63,2567,2567,0,14.85,good,42.4,No,""
161,SP-521,"(Pebble) Home Depot - Tom's River, NJ - (Store #920)",355,97.2,56.0,-42.4,100.0,-63.73,5365,5365,0,15.11,good,43.2,No,"insolation_gap_negative"
162,SP-354,"GP - Morris Recycling",499.2,97.0,97.0,0.0,100.0,-150.69,14005,14005,0,28.05,good,80.2,No,""
163,SP-094,"Boulder - Fire 5",17.8,96.8,87.7,-9.4,100.0,-1.70,340,340,0,19.13,good,54.6,No,""
164,SP-225,"Dan River High School",364.8,96.7,99.5,3.0,100.0,10.48,9805,9805,0,26.88,good,76.8,No,""
165,SP-221,"Mineral Gap",3513.7,96.6,104.2,7.9,100.0,634.13,90870,90870,0,25.86,good,73.9,No,""
166,SP-267,"Howell (Lowes)",1210.3,96.5,62.3,-35.4,100.0,-54.16,18474,18474,0,15.26,good,43.6,No,"insolation_gap_negative"
167,SP-306,"JFW - Matanzas",152.6,96.5,96.5,0.0,100.0,-340.56,3543,3543,0,23.22,good,66.3,No,""
168,SP-493,"(Pebble) Merced SD - Margaret Sheehy ES",114,96.3,94.8,-1.6,100.0,-22.13,3459,3459,0,30.34,good,86.7,No,""
169,SP-576,"(Pebble) St Margaret's",55,96.3,96.3,0.0,63.0,-130.21,1598,1598,0,29.05,good,83.0,No,""
170,SP-535,"(Pebble) Kimberly Clark Site",3000,96.1,90.7,-5.6,100.0,-216.93,77509,77509,0,25.84,good,73.8,No,""
171,SP-076,"128 Singleton",249.8,96.0,83.1,-13.5,100.0,389.93,4650,4650,0,18.62,good,53.2,No,""
172,SP-095,"Boulder - Fire 7",19.2,95.9,84.0,-12.4,86.6,-1.66,353,353,0,18.37,good,52.5,No,""
173,SP-436,"Eastern Rec Center",264.9,95.9,96.1,0.2,100.0,-38.71,5927,5927,0,22.38,good,63.9,No,""
174,SP-260,"Hamilton (Lowes)",1336.7,95.8,68.9,-28.1,100.0,11.60,21067,21067,0,15.76,good,45.0,No,""
175,SP-293,"Twin Spring Elementary (Pitts Phase 2)",378.4,95.8,95.8,0.0,100.0,-56.45,9079,9079,0,23.99,good,68.6,No,""
176,SP-311,"VT Vet Med",421.3,95.7,95.7,0.0,100.0,-41.45,10347,10347,0,24.56,good,70.2,No,""
177,SP-513A,"(Pebble) UCI Mesa Parking",1107,95.7,93.2,-2.6,95.2,-209.02,32615,32615,0,29.46,good,84.2,No,""
178,SP-213,"Greenbriar",101.2,95.6,66.9,-30.0,100.0,19.48,1515,1515,0,14.96,good,42.8,No,""
179,SP-053,"PF-Chicago 2",1396.6,95.5,65.3,-31.6,100.0,2.01,18116,18116,0,12.97,good,37.1,No,"insolation_gap_negative"
180,SP-093,"Boulder - Fire 1",31.1,95.5,106.9,11.9,98.4,-1.80,733,733,0,23.60,good,67.4,No,""
181,SP-226,"Chatham High School",420.1,95.5,96.0,0.4,100.0,5.40,11062,11062,0,26.34,good,75.2,No,""
182,SP-323,"Pasadena ArtCenter",368.6,95.5,91.9,-3.7,97.4,-71.14,9812,9812,0,26.62,good,76.1,No,""
183,SP-583,"(Pebble) Fairfield HS",637,95.5,96.7,1.3,99.9,-116.90,18499,18499,0,29.04,good,83.0,No,""
184,SP-058A,"Litchfield Center School",141,95.4,79.3,-16.8,100.0,1.43,2313,2313,0,16.40,good,46.9,No,""
185,SP-218B,"Hampden Sydney - Maintenance Center",353.3,95.4,95.4,0.0,100.0,46.31,8710,8710,0,24.66,good,70.4,No,""
186,SP-309,"JFW - Aviation 425",137.3,95.4,95.4,0.0,100.0,-391.26,3027,3027,0,22.04,good,63.0,No,""
187,SP-483B,"(Pebble) SUNY Perth Solar South/2",2637,95.4,77.6,-18.6,100.0,-290.11,51426,51426,0,19.50,good,55.7,No,""
188,SP-266,"Delran (Lowes)",1210.3,95.0,61.0,-35.7,100.0,-75.88,17847,17847,0,14.75,good,42.1,No,"insolation_gap_negative"
189,SP-091,"Boulder - 1100 Spruce",199.8,94.9,103.8,9.3,100.0,-10.21,4537,4537,0,22.71,good,64.9,No,""
190,SP-310,"GA Power - Tift Bowen",2711.4,94.9,94.9,0.0,100.0,315.67,86446,86446,0,31.88,good,91.1,No,""
191,SP-372,"First Baptist   Church of Glenarden",2056,94.9,80.2,-15.4,98.1,1112.20,40460,40460,0,19.68,good,56.2,No,""
192,SP-513C,"(Pebble) UCI Student Center Parking",968,94.8,90.9,-4.1,98.1,-220.89,28056,28056,0,28.98,good,82.8,No,""
193,SP-338,"Coty Cosmetics - Dynamic 2023 Portfolio",1150.2,94.5,69.0,-27.0,100.0,117.44,19126,19126,0,16.63,good,47.5,No,""
194,SP-371,"Cuyahoga County",3996.2,94.5,83.6,-11.5,100.0,-7647.86,77818,77818,0,19.47,good,55.6,No,""
195,SP-135,"Watchung",329.3,94.4,65.4,-30.7,100.0,-104.61,4539,4539,0,13.78,good,39.4,No,"insolation_gap_negative"
196,SP-286,"Eastern Intermediate HS",820.8,94.4,61.9,-34.4,100.0,-38.13,12185,12185,0,14.85,good,42.4,No,"insolation_gap_negative"
197,SP-039,"RIC-AMC",552.8,94.3,68.4,-27.5,100.0,1840.89,9100,9100,0,16.46,good,47.0,No,""
198,SP-342,"Amazon BWI2",2074,94.2,76.1,-19.2,97.5,327.73,38285,38285,0,18.46,good,52.7,No,""
199,SP-155,"Our Lady of Mount Carmel",258.5,94.1,105.6,12.2,76.1,18.60,6690,6690,0,25.88,good,74.0,No,""
200,SP-584,"(Pebble) Armijo HS",580,94.0,87.7,-6.7,88.2,-118.85,13882,13882,0,23.93,good,68.4,No,""
201,SP-522,"(Pebble) Home Depot - Washington Township - Sicklerville (Store #942)",476,93.7,52.7,-43.8,100.0,-187.76,6681,6681,0,14.04,good,40.1,No,"insolation_gap_negative"
202,SP-315,"GA Power - Bryan Floyd",2679,93.5,93.5,0.0,100.0,239.80,87443,87443,0,32.64,good,93.3,No,""
203,SP-296,"Gretna Middle School (Pitts Phase 2)",529.1,93.2,94.0,0.9,100.0,-143.67,13143,13143,0,24.84,good,71.0,No,""
204,SP-295,"Dan River Middle School (Pitts Phase 2)",613.8,93.1,93.1,0.0,100.0,23.30,14787,14787,0,24.09,good,68.8,No,""
205,SP-297,"Chatham Middle School (Pitts Phase 2)",364.1,93.1,93.1,0.0,100.0,-14.06,8808,8808,0,24.19,good,69.1,No,""
206,SP-223,"Tunstall High School",488.8,93.0,93.3,0.2,100.0,-45.36,12397,12397,0,25.36,good,72.5,No,""
207,SP-274,"North Stafford HS",1779.8,93.0,84.5,-9.1,100.0,67.37,36809,36809,0,20.68,good,59.1,No,""
208,SP-578C,"(Pebble) St. James Ministry Building",28,93.0,67.4,-27.5,100.0,-10.77,568,568,0,20.29,good,58.0,No,""
209,SP-298,"Crowne Plaza",2180.7,92.8,60.5,-34.9,100.0,-315.00,33490,33490,0,15.36,good,43.9,No,"insolation_gap_negative"
210,SP-355,"GP - Swainsboro Prison",998,92.7,98.7,6.4,100.0,862.53,28258,28258,0,28.31,good,80.9,No,""
211,SP-077,"Minster",6561,92.4,93.9,1.5,100.0,715.80,143655,143655,0,21.90,good,62.6,No,""
212,SP-036B,"Loyalsock High School",1100.5,92.3,64.4,-30.3,100.0,21.91,15526,15526,0,14.11,good,40.3,No,"insolation_gap_negative"
213,SP-320,"GA Power - Lowndes Cowart",4019.1,92.0,92.0,0.0,95.8,107.92,130940,130940,0,32.58,good,93.1,No,""
214,SP-590,"(Pebble) Amazon LGB7",5888,91.7,67.1,-26.9,73.2,-807.09,125676,125676,0,21.34,good,61.0,No,""
215,SP-088,"261 Whites Path",544,91.4,62.7,-31.4,42.9,0.81,7475,7475,0,13.74,good,39.3,No,"insolation_gap_negative"
216,SP-261,"Morganville (Lowes)",1060.2,91.3,60.5,-33.7,100.0,-115.69,15213,15213,0,14.35,good,41.0,No,"insolation_gap_negative"
217,SP-404,"West Gardiner",1430,91.3,77.8,-14.8,100.0,-645.21,29559,29559,0,20.67,good,59.1,No,"availability_estimated_from_cf"
218,SP-160,"Abington Ave (Newark)",115.6,91.2,50.6,-44.6,100.0,,1665,1665,0,14.41,good,41.2,No,"insolation_gap_negative"
219,SP-287,"Eastern Senior HS",989.3,91.0,63.4,-30.3,100.0,-72.35,15466,15466,0,15.63,good,44.7,No,"insolation_gap_negative"
220,SP-118,"Santa Maria",1071,90.9,101.6,11.8,100.0,-18.82,33881,33881,0,31.63,good,90.4,No,""
221,SP-314,"VT Durham Hall",130.9,90.9,91.7,0.8,100.0,-8.31,2897,2897,0,22.13,good,63.2,No,""
222,SP-244,"Hyundai",995.4,90.8,99.1,9.2,97.8,-318.23,28245,28245,0,28.38,good,81.1,No,""
223,SP-313,"VT Sterrett",496.1,90.8,94.8,4.4,100.0,-16.57,12274,12274,0,24.74,good,70.7,No,""
224,SP-329,"LL Scranton PA",1275.2,90.8,84.2,-7.2,88.2,-57.40,20597,20597,0,16.15,good,46.1,No,""
225,SP-021,"0 Pine Bluff",249.3,90.7,82.8,-8.7,100.0,550.14,4421,4421,0,17.74,good,50.7,No,"availability_estimated_from_cf"
226,SP-495A,"(Pebble) DSM - White Township",12340,90.6,61.9,-31.6,100.0,-8445.25,188541,188541,0,15.28,good,43.7,No,"insolation_gap_negative"
227,SP-528,"(Pebble) RLS Logistics",4039,90.6,64.6,-28.7,100.0,-3548.92,73800,73800,0,18.27,good,52.2,No,""
228,SP-136,"Broadhead",6408.9,90.5,95.0,5.0,100.0,1945.19,150926,150926,0,23.55,good,67.3,No,""
229,SP-231,"Clifton",6411.4,90.5,64.0,-29.3,100.0,1257.20,104525,104525,0,16.30,good,46.6,No,""
230,SP-245,"700 Binnewater",1555.3,90.4,76.8,-15.1,100.0,413.18,25704,25704,0,16.53,good,47.2,No,""
231,SP-236,"Mountain Point - Claggett Landing",2041.2,90.3,70.4,-22.0,100.0,-707.31,45889,45889,0,22.48,good,64.2,No,""
232,SP-126A,"Hammonton - Early Childhood Center",232.3,90.2,69.0,-23.5,100.0,65.40,4232,4232,0,18.22,good,52.0,No,""
233,SP-352,"GP - Denver Braswell",1997,90.0,84.0,-6.7,100.0,111.31,51478,51478,0,25.78,good,73.6,No,""
234,SP-361,"GP - Withlacoochee A",998.4,89.9,97.2,8.0,100.0,54.78,28641,28641,0,28.69,good,82.0,No,""
235,SP-377,"LADWP - Penrose",1087,89.9,91.8,2.1,80.2,1238.35,25701,25701,0,23.64,good,67.6,No,""
236,SP-248,"Christian Brothers",217.1,89.7,87.0,-3.0,63.6,62.19,4709,4709,0,21.69,good,62.0,No,""
237,SP-080D,"Fairfield - Jr. High School",79.2,89.6,47.9,-46.5,100.0,-2.48,1075,1075,0,13.58,good,38.8,No,"insolation_gap_negative"
238,SP-302,"Laurel Creek",515.7,89.6,56.5,-36.9,100.0,1123.83,7227,7227,0,14.01,good,40.0,No,"insolation_gap_negative"
239,SP-262,"Lumberton (Lowes)",1237.5,89.1,54.6,-38.8,60.0,-157.51,16151,16151,0,13.05,good,37.3,No,"insolation_gap_negative"
240,SP-347,"Colby Sawyer College",68,89.0,89.0,0.0,100.0,-39.52,1367,1367,0,20.10,good,57.4,No,""
241,SP-224,"Gretna High School",429.4,88.8,92.8,4.5,100.0,1470.22,10926,10926,0,25.44,good,72.7,No,""
242,SP-362,"GP - Withlacoochee B",998.4,88.8,94.4,6.3,100.0,-18.59,27245,27245,0,27.29,good,78.0,No,""
243,SP-395A,"Wheeler Ridge - Triangle",1108.8,88.6,110.5,24.7,96.4,286.46,40386,40386,0,36.42,good,104.1,No,""
244,SP-042,"349 Hokum",426.5,88.4,63.1,-28.7,80.0,-181.97,5316,5316,0,12.46,good,35.6,No,""
245,SP-107,"Colton",3316.7,88.4,94.3,6.6,100.0,-338.39,97098,97098,0,29.28,good,83.6,No,""
246,SP-024,"MA 134",664,88.3,65.9,-25.3,74.5,627.43,8660,8660,0,13.04,good,37.3,No,""
247,SP-468,"(Pebble) Amazon - SMF 3",3660,87.9,91.1,3.7,100.0,-935.16,94078,94078,0,25.70,good,73.4,No,""
248,SP-473,"(Pebble) Baldwin T&S Hardwoods",990,87.7,74.0,-15.6,100.0,-351.72,21152,21152,0,21.37,good,61.0,No,""
249,SP-137,"Farmington",6364.3,87.5,96.5,10.3,100.0,1253.74,152744,152744,0,24.00,good,68.6,No,""
250,SP-573,"(Pebble) Holy Trinity Church",85,87.3,79.6,-8.8,100.0,-95.09,2505,2505,0,29.47,good,84.2,No,"availability_estimated_from_cf"
251,SP-004,"Houston Winona",1440.7,87.2,87.2,0.0,60.0,406.02,31060,31060,0,21.56,good,61.6,No,""
252,SP-075,"40 Communications",338.2,87.2,78.2,-10.2,100.0,956.71,5745,5745,0,16.99,good,48.5,No,""
253,SP-123,"Sacred Heart",240.2,87.1,94.4,8.3,100.0,-5.54,6022,6022,0,25.07,good,71.6,No,""
254,SP-537,"(Pebble) Town of Cheshire Site",1350,87.0,90.7,4.2,87.8,-898.05,31064,31064,0,23.01,good,65.7,No,""
255,SP-589,"(Pebble) OPPD - Fort Calhoun",6984,87.0,84.6,-2.8,97.5,-1286.07,169674,169674,0,24.29,good,69.4,No,""
256,SP-011,"Winona",1440.7,86.9,86.9,0.0,60.0,417.24,31288,31288,0,21.72,good,62.0,No,""
257,SP-001,"Sherburne",1422,86.6,54.7,-36.8,100.0,303.56,20235,20235,0,14.23,good,40.7,No,"insolation_gap_negative"
258,SP-557,"(Pebble) Venable Site",3868,86.6,85.7,-1.0,100.0,-2621.40,124044,124044,0,32.07,good,91.6,No,""
259,SP-018A,"Morris Hills",666,86.5,68.0,-21.4,92.1,-322.27,9425,9425,0,14.15,good,40.4,No,""
260,SP-356,"GP - Telfair Forest Products",998.4,86.4,86.4,0.0,91.9,-576.88,24150,24150,0,24.19,good,69.1,No,""
261,SP-358,"GP - Valdosta Prison",1500,86.4,86.4,0.0,100.0,-638.31,37084,37084,0,24.72,good,70.6,No,""
262,SP-108,"0 Middle Rd",3201.1,86.3,83.6,-3.2,100.0,330.71,70051,70051,0,21.88,good,62.5,No,""
263,SP-259,"Holmdel (Lowes)",1038.1,86.3,66.4,-23.0,100.0,-83.83,15572,15572,0,15.00,good,42.9,No,""
264,SP-109,"Dean Cumberland",447.2,86.1,79.0,-8.3,100.0,-134.27,7835,7835,0,17.52,good,50.1,No,"availability_estimated_from_cf"
265,SP-279,"Linwood - Belhaven",440.1,86.1,63.6,-26.0,100.0,-82.92,6228,6228,0,14.15,good,40.4,No,""
266,SP-138,"Waterboro",6194.4,85.9,79.4,-7.6,45.1,1026.05,129099,129099,0,20.84,good,59.5,No,""
267,SP-526,"(Pebble) Home Depot - Waterbury, CT - (Store #6212)",298,85.9,62.3,-27.5,100.0,-133.04,5040,5040,0,16.91,good,48.3,No,""
268,SP-400,"Trotting Park",1617.3,85.8,74.1,-13.6,100.0,-1389.69,32574,32574,0,20.14,good,57.5,No,"availability_estimated_from_cf"
269,SP-409A,"ChemGlass NJ - Building 1",434.2,85.8,62.1,-27.6,100.0,-307.39,6448,6448,0,14.85,good,42.4,No,""
270,SP-513B,"(Pebble) UCI Social Science Parking",1168,85.8,83.4,-2.9,86.4,-724.73,30888,30888,0,26.45,good,75.6,No,""
271,SP-324,"GA Power - Bibb Williams",3200.8,85.7,85.7,0.0,100.0,31.37,90207,90207,0,28.18,good,80.5,No,""
272,SP-360,"GP - Waldrep Christian",1000,85.5,87.0,1.8,100.0,-12.08,25581,25581,0,25.58,good,73.1,No,""
273,SP-413,"City of Franklin",765.2,85.5,87.2,2.0,100.0,64.94,16534,16534,0,21.61,good,61.7,No,""
274,SP-255,"Tris Pharma",499.5,85.4,69.9,-18.2,100.0,-181.26,7927,7927,0,15.87,good,45.3,No,""
275,SP-087,"216 Thornton",719.7,85.2,85.2,0.0,100.0,-498.92,12816,12816,0,17.81,good,50.9,No,""
276,SP-585,"(Pebble) GE Hitachi - California Site",342,85.0,88.2,3.7,98.4,-198.71,8322,8322,0,24.33,good,69.5,No,""
277,SP-116,"Unity",6462.7,84.9,78.7,-7.3,92.6,953.16,125881,125881,0,19.48,good,55.7,No,""
278,SP-592,"(Pebble) Maumee Solar",2923,84.9,63.3,-25.5,100.0,-910.08,45487,45487,0,15.56,good,44.5,No,""
279,SP-003,"Stearns",1440.7,84.8,54.6,-35.6,100.0,1941.78,20615,20615,0,14.31,good,40.9,No,"insolation_gap_negative"
280,SP-007,"Goodhue 2",1440.7,84.4,84.4,0.0,50.0,311.34,30004,30004,0,20.83,good,59.5,No,""
281,SP-343,"Amazon EWR9",7509,84.4,65.8,-22.0,94.1,-9070.12,114322,114322,0,15.22,good,43.5,No,""
282,SP-325,"Midtown-Indi AZ",552.6,84.3,78.0,-7.5,34.3,1944.85,16127,16127,0,29.18,good,83.4,No,""
283,SP-345,"Christian Cultural Center",260,84.3,67.2,-20.2,100.0,-42.01,4140,4140,0,15.92,good,45.5,No,""
284,SP-073,"15 Lincoln",1160.2,84.2,64.6,-23.2,100.0,-26.25,18889,18889,0,16.28,good,46.5,No,"availability_estimated_from_cf"
285,SP-106,"207 Moonachie",173.9,84.2,58.1,-30.9,100.0,-164.68,1970,1970,0,11.33,good,32.4,No,"insolation_gap_negative"
286,SP-268,"Hackettstown (Lowes)",761.6,84.1,59.0,-29.9,100.0,-151.34,9998,9998,0,13.13,good,37.5,No,""
287,SP-351,"GP - Boston Gin",998.4,83.9,79.3,-5.5,100.0,-82.90,22711,22711,0,22.75,good,65.0,No,"inverter_only"
288,SP-380,"LADWP - Van Nuys",445.7,83.9,112.1,33.6,99.4,-213.14,14370,14370,0,32.24,good,92.1,No,"insolation_gap_positive"
289,SP-533,"(Pebble) Cathedral Catholic",1147,83.7,89.5,7.0,96.5,-1151.49,34768,34768,0,30.31,good,86.6,No,""
290,SP-379,"LADWP - Sylmar",865.6,83.4,112.6,35.0,99.4,-537.15,27659,27659,0,31.95,good,91.3,No,"insolation_gap_positive"
291,SP-425,"Memphis",7514,83.4,82.5,-1.1,100.0,631.73,156876,156876,0,20.88,good,59.7,No,""
292,SP-141,"311 Pleasant St",142.7,83.3,69.7,-16.4,100.0,-82.11,2428,2428,0,17.02,good,48.6,No,""
293,SP-587,"(Pebble) Malone Site",1428,83.3,91.1,9.3,94.4,-578.05,31427,31427,0,22.01,good,62.9,No,""
294,SP-080A,"Fairfield - Elementary School",102.4,83.2,52.8,-36.6,100.0,-10.19,1450,1450,0,14.16,good,40.5,No,"insolation_gap_negative"
295,SP-504,"(Pebble) Palm Vista ES",132,83.2,83.2,0.0,89.1,-383.44,4500,4500,0,34.09,good,97.4,No,""
296,SP-566,"(Pebble) Kyndryl (IBM)",9693,83.1,67.1,-19.2,100.0,-2766.70,244752,244752,0,25.25,good,72.1,No,""
297,SP-144,"Wapakoneta",17985,82.9,83.6,0.9,99.6,-659.21,378852,378852,0,21.06,good,60.2,No,""
298,SP-545,"(Pebble) Eastgate",6448,82.9,57.6,-30.5,98.3,-2247.68,101236,101236,0,15.70,good,44.9,No,"insolation_gap_negative"
299,SP-154,"St. Augustine Parish",304.9,82.6,89.8,8.7,100.0,907.61,6044,6044,0,19.83,good,56.6,No,""
300,SP-281,"Northwood School",296.3,82.6,71.5,-13.4,70.4,-4.31,4973,4973,0,16.78,good,47.9,No,""
301,SP-364,"MEW Phase II",534.6,82.6,82.6,0.0,87.8,-25.97,10244,10244,0,19.16,good,54.7,No,""
302,SP-383,"Scripps 10140  Campus Point",632.9,82.6,97.7,18.3,81.4,-271.13,19230,19230,0,30.39,good,86.8,No,""
303,SP-159,"118 Echo",1185.6,82.4,65.7,-20.3,100.0,-669.66,18662,18662,0,15.74,good,45.0,No,""
304,SP-062,"St. Bernadette",248,82.2,64.6,-21.4,92.4,-72.90,3623,3623,0,14.61,good,41.7,No,""
305,SP-339,"Mechanic Falls",1438.8,82.2,79.8,-2.9,100.0,-732.22,30034,30034,0,20.87,good,59.6,No,""
306,SP-531B,"(Pebble) City of Woodland - Meter 2 (WPCF- Screw Pump)",32,82.2,133.5,62.5,100.0,-41.64,1079,1079,0,33.72,good,96.3,No,"insolation_gap_positive"
307,SP-006,"Goodhue 1",1440.7,82.1,82.1,0.0,50.0,191.30,29405,29405,0,20.41,good,58.3,No,""
308,SP-398,"Sabbattus - Dynamic 2023 Portfolio",1244.2,82.0,92.5,12.9,100.0,-58.27,31749,31749,0,25.52,good,72.9,No,""
309,SP-085E,"KSU-Trumbull",1314.6,81.9,95.4,16.5,100.0,-52.70,27513,27513,0,20.93,good,59.8,No,""
310,SP-008,"Goodhue 3",1440.7,81.6,81.6,0.0,50.0,165.38,28410,28410,0,19.72,good,56.3,No,""
311,SP-085F,"KSU-Salem",616.2,81.6,84.4,3.4,100.0,24.62,11866,11866,0,19.26,good,55.0,No,""
312,SP-128B,"Town of Vernon - Lake St School",146.9,81.6,81.8,0.2,100.0,237.40,2583,2583,0,17.58,good,50.2,No,""
313,SP-101,"3033 Science",316.4,81.5,97.9,20.1,100.0,-200.54,10463,10463,0,33.08,good,94.5,No,""
314,SP-319,"GA Power - Bartow Davidson",3490.3,81.3,81.3,0.0,100.0,301.04,88973,88973,0,25.49,good,72.8,No,""
315,SP-002,"Meeker",1440.7,81.2,57.9,-28.7,100.0,117.71,21750,21750,0,15.10,good,43.1,No,""
316,SP-080B,"Fairfield - High School",173.6,81.2,52.2,-35.7,100.0,-21.73,2349,2349,0,13.53,good,38.7,No,"insolation_gap_negative"
317,SP-124,"St. Therese",100.8,81.2,75.2,-7.4,100.0,-29.43,1932,1932,0,19.16,good,54.8,No,""
318,SP-217,"Unimetal",474.7,81.1,65.8,-18.9,100.0,-248.93,6547,6547,0,13.79,good,39.4,No,""
319,SP-541,"(Pebble) Helgeson",6860,81.1,39.4,-51.4,78.2,-1734.96,70363,70363,0,10.26,good,29.3,No,"insolation_gap_negative"
320,SP-547,"(Pebble) Scandia",7123,81.1,43.6,-46.2,78.4,-2402.76,95195,95195,0,13.36,good,38.2,No,"insolation_gap_negative"
321,SP-083,"Warwick",812.7,81.0,76.7,-5.3,100.0,1131.45,16750,16750,0,20.61,good,58.9,No,""
322,SP-555,"(Pebble) Held",7452,80.9,41.5,-48.7,97.5,-2118.09,86887,86887,0,11.66,good,33.3,No,"insolation_gap_negative"
323,SP-285,"Legends",625.5,80.6,62.2,-22.9,100.0,-319.29,9125,9125,0,14.59,good,41.7,No,""
324,SP-294,"Tunstall Middle Road (Pitts Phase 2)",627,80.6,80.6,0.0,100.0,-330.47,13506,13506,0,21.54,good,61.5,No,""
325,SP-289,"Ocean City Tabernacle (3 Meters)",157.9,80.5,61.1,-24.1,100.0,-164.95,2231,2231,0,14.12,good,40.3,No,""
326,SP-564,"(Pebble) Marin Country Club",417,80.5,93.3,15.9,100.0,-546.64,12243,12243,0,29.36,good,83.9,No,""
327,SP-037B,"Greenwood High School",564.1,80.2,61.9,-22.9,100.0,734.52,8255,8255,0,14.63,good,41.8,No,""
328,SP-559,"(Pebble) KPUB - Kerrville Site",2408,80.2,35.0,-56.4,95.2,-433.95,27850,27850,0,11.57,good,33.0,No,"insolation_gap_negative"
329,SP-292,"Diocese of Metuchen",484.9,80.0,55.3,-30.9,100.0,-272.63,5505,5505,0,11.35,good,32.4,No,"insolation_gap_negative"
330,SP-375,"Hormel Lathrop",739.3,79.8,98.6,23.6,90.0,-114.75,21687,21687,0,29.34,good,83.8,No,""
331,SP-376,"LADWP - Bellaire",738.3,79.7,79.7,0.0,96.7,-1762.09,16994,16994,0,23.02,good,65.8,No,""
332,SP-018B,"Morris Knolls",975.4,79.3,62.5,-21.1,85.7,-1293.08,12094,12094,0,12.40,good,35.4,No,""
333,SP-065,"Fairgrounds",2615.2,79.3,58.0,-26.8,90.1,-1109.14,34739,34739,0,13.28,good,38.0,No,""
334,SP-119,"Barefoot",5470.1,79.3,77.4,-2.4,94.0,-25.57,119126,119126,0,21.78,good,62.2,No,""
335,SP-151,"Johnson 1",1477,79.2,63.1,-20.3,100.0,695.16,23880,23880,0,16.17,good,46.2,No,""
336,SP-216,"3200 E Washington",816.5,79.1,75.5,-4.5,100.0,-305.39,20350,20350,0,24.92,good,71.2,No,""
337,SP-013,"St. Mary's High School",502.7,79.0,86.3,9.2,89.8,-531.28,12460,12460,0,24.79,good,70.8,No,""
338,SP-033,"Huneke 2",1443.8,78.9,74.6,-5.4,100.0,72.29,29385,29385,0,20.35,good,58.2,No,""
339,SP-152,"Medin",1477,78.8,52.0,-34.0,90.0,764.24,21090,21090,0,14.28,good,40.8,No,"insolation_gap_negative"
340,SP-516,"(Pebble) Home Depot - Egg Harbor, NJ - (Store #930)",380,78.5,47.6,-39.3,100.0,-549.08,4832,4832,0,12.72,good,36.3,No,"insolation_gap_negative"
341,SP-222,"Falmouth",1187.7,78.2,78.2,0.0,99.5,-259.26,27258,27258,0,22.95,good,65.6,No,""
342,SP-090,"Boulder - 75th WTP",499.5,78.1,99.0,26.7,85.7,-18.84,14841,14841,0,29.71,good,84.9,No,""
343,SP-378,"LADWP - Sherman",194.3,78.1,78.1,0.0,79.2,-466.98,4260,4260,0,21.92,good,62.6,No,""
344,SP-035,"Hinterland",1485.8,78.0,55.1,-29.3,100.0,2306.51,22765,22765,0,15.32,good,43.8,No,""
345,SP-322,"GA Power - Tift Fletcher",4006.8,78.0,90.3,15.8,100.0,-14.30,121122,121122,0,30.23,good,86.4,No,""
346,SP-028,"BVD-Clarksburg",319.7,77.8,64.1,-17.6,100.0,-324.31,4302,4302,0,13.46,good,38.4,No,""
347,SP-050,"Stevens",1458,77.8,55.9,-28.2,100.0,75.27,21904,21904,0,15.02,good,42.9,No,""
348,SP-396,"Kingspan - Dynamic 2023 Portfolio",1364.5,77.8,79.9,2.7,99.1,-574.40,23956,23956,0,17.56,good,50.2,No,""
349,SP-146,"300 Pleasant",480.6,77.5,54.9,-29.1,79.7,365.59,4283,4283,0,8.91,good,25.5,No,""
350,SP-336,"Roosevelt Trail",1658.8,77.2,78.4,1.6,93.9,-2441.47,30235,30235,0,18.23,good,52.1,No,""
351,SP-052,"PF-Chicago 1",986.7,77.1,55.3,-28.3,95.8,-81.80,10816,10816,0,10.96,good,31.3,No,""
352,SP-271,"Naugatuck-Andrew School",274.1,76.9,62.9,-18.3,99.5,-63.11,3351,3351,0,12.23,good,34.9,No,""
353,SP-472,"(Pebble) Baldwin State Prison",994,76.8,82.9,8.0,99.5,-802.01,23288,23288,0,23.43,good,66.9,No,""
354,SP-031,"RJC",1450.6,76.6,66.3,-13.5,100.0,-23.95,25281,25281,0,17.43,good,49.8,No,""
355,SP-280,"91 Cove",630.7,76.6,59.9,-21.9,75.0,-296.27,8833,8833,0,14.00,good,40.0,No,""
356,SP-048,"Sobania",1458,76.4,53.7,-29.7,100.0,34.53,20675,20675,0,14.18,good,40.5,No,""
357,SP-250,"Faith Church",301.9,76.3,76.3,0.0,100.0,-442.47,5051,5051,0,16.73,good,47.8,No,""
358,SP-353,"GP - Kelly's Corner",499.2,76.3,66.5,-12.8,100.0,-126.45,8914,8914,0,17.86,good,51.0,No,""
359,SP-058B,"Litchfield High School",472.8,76.1,65.3,-14.2,100.0,-359.23,6949,6949,0,14.70,good,42.0,No,""
360,SP-030,"Betcher",1443.8,75.7,75.7,0.0,40.0,130.05,28233,28233,0,19.56,good,55.9,No,""
361,SP-571B,"(Pebble) St. Gregory the Great School",70,75.6,71.7,-5.1,100.0,-133.59,1550,1550,0,22.14,good,63.3,No,"inverter_only"
362,SP-041,"112-128 Great Western",459.8,75.5,60.4,-20.0,100.0,-557.46,5788,5788,0,12.59,good,36.0,No,""
363,SP-074,"41 Meetinghouse",256.5,74.8,74.8,0.0,100.0,-47.39,3986,3986,0,15.54,good,44.4,No,""
364,SP-040,"126 MacArthur",219.4,74.4,55.9,-24.8,66.7,-225.88,2499,2499,0,11.39,good,32.6,No,""
365,SP-034,"T. Luhman",1445,74.3,73.6,-0.9,100.0,-105.39,29631,29631,0,20.51,good,58.6,No,""
366,SP-299,"North Kern 1",3749.8,74.3,111.7,50.3,100.0,6816.06,157490,157490,0,42.00,good,120.0,No,"insolation_gap_positive"
367,SP-531A,"(Pebble) City of Woodland - Meter 1 (WPCF)",1116,74.3,120.7,62.5,100.0,-2702.15,43900,43900,0,39.34,good,112.4,No,"insolation_gap_positive"
368,SP-359,"GP - Valdosta Tech",499.9,74.1,74.1,0.0,100.0,-484.32,10581,10581,0,21.17,good,60.5,No,"inverter_only"
369,SP-390A,"TD06A - St. Mary   Parish",73.9,74.0,74.0,0.0,100.0,7.87,1322,1322,0,17.88,good,51.1,No,""
370,SP-387,"TD03 - Sacred Heart",48.3,73.9,73.9,0.0,80.3,-6.11,762,762,0,15.77,good,45.0,No,""
371,SP-300,"North Kern 2",3719.5,73.8,110.7,50.0,100.0,2125.70,155006,155006,0,41.67,good,119.1,No,"insolation_gap_positive"
372,SP-256,"Spectrum 360",426.5,73.7,47.2,-35.9,100.0,-622.10,4823,4823,0,11.31,good,32.3,No,"insolation_gap_negative; availability_estimated_from_cf"
373,SP-079A,"Ferris 2 - Administration Building",42.2,73.6,51.7,-29.8,100.0,-11.57,562,562,0,13.30,good,38.0,No,""
374,SP-229A,"New Rochelle - Gym",104.4,73.6,73.6,0.0,100.0,-23.26,1755,1755,0,16.81,good,48.0,No,""
375,SP-568,"(Pebble) Champagne Village",70,73.6,77.2,5.0,70.5,-123.27,1572,1572,0,22.46,good,64.2,No,""
376,SP-140,"37 Highfield",179,73.4,53.9,-26.5,100.0,-195.84,2007,2007,0,11.21,good,32.0,No,""
377,SP-029,"BVD-Sheffield",322.6,73.2,52.3,-28.6,83.3,-364.73,3767,3767,0,11.68,good,33.4,No,""
378,SP-546,"(Pebble) Sherburne North",6998,73.1,31.2,-57.3,71.4,-2413.78,61970,61970,0,8.86,good,25.3,No,"insolation_gap_negative"
379,SP-150,"Cornillie",1235,72.8,56.0,-23.0,100.0,275.40,19718,19718,0,15.97,good,45.6,No,""
380,SP-519,"(Pebble) Home Depot - Neptune, NJ - (Store #949)",511,72.8,42.6,-41.5,83.3,-867.14,5594,5594,0,10.95,good,31.3,No,"insolation_gap_negative"
381,SP-219,"2050 E. 55th Street",510.3,72.6,71.4,-1.6,96.9,-453.12,12050,12050,0,23.61,good,67.5,No,""
382,SP-321,"Tuscan Village",656.7,72.6,58.9,-18.9,85.7,-896.13,8136,8136,0,12.39,good,35.4,No,""
383,SP-131,"99 Guion",1148,72.4,56.0,-22.8,95.4,-775.51,14062,14062,0,12.25,good,35.0,No,""
384,SP-058C,"Litchfield Intermediate School",315.2,72.3,55.9,-22.8,66.7,-357.67,3727,3727,0,11.82,good,33.8,No,""
385,SP-539,"(Pebble) Ulster Site",1900,71.9,71.9,0.0,100.0,-1070.52,34744,34744,0,18.29,good,52.2,No,"availability_estimated_from_cf"
386,SP-258,"Johnson 2",1510.5,71.8,57.7,-19.7,100.0,-113.61,26171,26171,0,17.33,good,49.5,No,""
387,SP-079C,"Ferris 2 - Intermediate School",87.1,71.6,53.6,-25.1,66.7,57.55,1191,1191,0,13.67,good,39.1,No,""
388,SP-111G,"Lord Phillips - Building G",154.4,71.5,71.5,0.0,99.3,-106.28,2089,2089,0,13.53,good,38.7,No,""
389,SP-363,"Madison Electric Works",4769.8,71.5,78.1,9.2,93.4,225.18,100800,100800,0,21.13,good,60.4,No,""
390,SP-085B,"KSU-East Liverpool",92.8,71.1,82.2,15.6,100.0,82.16,1637,1637,0,17.64,good,50.4,No,""
391,SP-257,"Fort Totten Aggregate Industries",347.8,71.1,46.3,-34.9,75.0,-945.72,3470,3470,0,9.98,good,28.5,No,"insolation_gap_negative"
392,SP-069,"146 Duchaine",234.8,71.0,63.8,-10.2,100.0,520.71,2887,2887,0,12.29,good,35.1,No,""
393,SP-575,"(Pebble) Good Shepherd Catholic Church",147,70.3,73.2,4.1,100.0,-388.63,3454,3454,0,23.50,good,67.1,No,"inverter_only"
394,SP-393A,"TD11A - St. James Student Center",134.9,70.1,44.3,-36.8,33.3,-273.43,1280,1280,0,9.49,good,27.1,No,"insolation_gap_negative"
395,SP-594B,"(Pebble) DG IL CS - Galesburg 2",2984,70.0,42.5,-39.4,100.0,-6874.55,30514,30514,0,10.23,good,29.2,No,"insolation_gap_negative; availability_estimated_from_cf"
396,SP-122,"Pastoral Center",244,69.7,76.3,9.5,71.4,277.98,4548,4548,0,18.64,good,53.3,No,""
397,SP-126B,"Hammonton - High School",1657.9,69.7,50.3,-27.8,75.0,-1310.98,21465,21465,0,12.95,good,37.0,No,""
398,SP-061,"698 Commercial",432.4,69.5,50.2,-27.8,66.7,-509.81,4684,4684,0,10.83,good,30.9,No,""
399,SP-010,"Douglas Todd",1440.7,69.2,48.6,-29.8,100.0,2152.87,18460,18460,0,12.81,good,36.6,No,""
400,SP-495B,"(Pebble) DSM- Belvidere Township",1890,69.2,69.2,0.0,100.0,-3973.70,31507,31507,0,16.67,good,47.6,No,""
401,SP-399,"North Kern 3",7660.8,69.1,106.2,53.8,97.5,-2274.66,315350,315350,0,41.16,good,117.6,No,"insolation_gap_positive"
402,SP-470B,"(Pebble) Becton Dickinson Roof Top",626,69.0,47.9,-30.5,87.8,-516.51,7108,7108,0,11.35,good,32.4,No,"insolation_gap_negative"
403,SP-474,"(Pebble) Brooks Langdale",990,69.0,59.7,-13.5,96.4,-1232.15,22902,22902,0,23.13,good,66.1,No,""
404,SP-561,"(Pebble) KPUB - Schreiner Site",1010,68.7,30.3,-55.9,100.0,-275.71,9586,9586,0,9.49,good,27.1,No,"insolation_gap_negative"
405,SP-593,"(Pebble) MA CS - Spencer",3200,68.7,61.7,-10.2,60.0,-1385.95,48935,48935,0,15.29,good,43.7,No,""
406,SP-588,"(Pebble) Corcoran Irrigation District",2160,68.6,67.4,-1.8,33.3,-2813.98,58480,58480,0,27.07,good,77.4,No,""
407,SP-038,"Bethany",677.2,68.5,60.4,-11.8,99.1,-939.05,8087,8087,0,11.94,good,34.1,No,""
408,SP-578D,"(Pebble) St. James Parish Hall",28,68.4,56.9,-16.7,91.9,-55.53,480,480,0,17.13,good,48.9,No,""
409,SP-594A,"(Pebble) DG IL CS - Galesburg 1",2984,68.2,40.9,-40.1,100.0,-2696.57,29373,29373,0,9.84,good,28.1,No,"insolation_gap_negative; availability_estimated_from_cf"
410,SP-037A,"Greenwood Elementary School",389.5,68.1,51.6,-24.2,36.6,-88.50,4755,4755,0,12.21,good,34.9,No,""
411,SP-105,"1070 Washington",553.5,67.7,56.8,-16.1,85.2,-781.23,6828,6828,0,12.34,good,35.2,No,""
412,SP-346,"City of Lexington",3906,67.4,67.4,0.0,67.7,-2838.12,85388,85388,0,21.86,good,62.5,No,"inverter_only"
413,SP-563E,"(Pebble) City of San Joaquin - Community Center",16,67.4,82.3,22.1,100.0,-45.23,442,442,0,27.65,good,79.0,No,""
414,SP-536,"(Pebble) Kennebunk Site",4090,67.3,67.3,0.0,97.9,-7330.92,71324,71324,0,17.44,good,49.8,No,"inverter_only"
415,SP-012,"Dakota",1440.7,66.8,66.8,0.0,57.1,159.38,25945,25945,0,18.01,good,51.5,No,""
416,SP-531D,"(Pebble) City of Woodland - Meter 4 (Police Station)",453,66.2,58.5,-11.7,89.0,-771.55,8510,8510,0,18.79,good,53.7,No,""
417,SP-027,"180 New Boston",628.3,65.5,57.5,-12.3,93.0,-765.85,7533,7533,0,11.99,good,34.3,No,""
418,SP-333,"Montclair-Primary School",168.8,65.3,65.3,0.0,100.0,2.88,2425,2425,0,14.37,good,41.1,No,""
419,SP-246,"5 Berry",7782.6,65.2,68.7,5.5,100.0,-5028.77,136191,136191,0,17.50,good,50.0,No,""
420,SP-390B,"TD06B - St. Mary Parish",204.8,65.1,65.1,0.0,100.0,-293.72,3327,3327,0,16.25,good,46.4,No,"availability_estimated_from_cf"
421,SP-134,"694 Binnewater",175.9,65.0,44.3,-31.8,85.9,-80.21,1569,1569,0,8.92,good,25.5,No,"insolation_gap_negative"
422,SP-477,"(Pebble) Randolph Shellman",490,65.0,65.0,0.0,100.0,-274.05,11277,11277,0,23.01,good,65.8,No,""
423,SP-563C,"(Pebble) San Joaquin-Public Works Yard 2",10,63.9,80.0,25.3,100.0,-32.13,269,269,0,26.89,good,76.8,No,""
424,SP-153,"Volk Packaging",955.2,63.5,39.3,-38.1,74.5,-225.53,8220,8220,0,8.61,good,24.6,No,"insolation_gap_negative"
425,SP-563B,"(Pebble) San Joaquin-Public Works Yard 1",70,63.4,84.4,33.1,100.0,-242.09,1985,1985,0,28.35,good,81.0,No,"insolation_gap_positive"
426,SP-350,"Eastman",260,63.2,63.2,0.0,86.8,-627.06,3944,3944,0,15.17,good,43.3,No,""
427,SP-563A,"(Pebble) San Joaquin-City Hall",10,62.5,75.9,21.4,97.9,-32.32,255,255,0,25.51,good,72.9,No,""
428,SP-337,"Wheeler Ridge 2",7869.4,62.4,91.0,45.9,95.2,-4022.08,256480,256480,0,32.59,good,93.1,No,"insolation_gap_positive"
429,SP-079D,"Ferris 2 - McDonald Elementary School",106.9,62.3,44.5,-28.6,100.0,-46.61,1380,1380,0,12.90,good,36.9,No,""
430,SP-032,"Huneke 1",1443.8,62.0,62.0,0.0,100.0,-425.90,23948,23948,0,16.59,good,47.4,No,""
431,SP-284,"Minster 3",1247,62.0,52.7,-15.0,100.0,-508.45,16242,16242,0,13.03,good,37.2,No,""
432,SP-085D,"KSU-Geauga",322.3,61.9,63.9,3.2,100.0,306.00,4347,4347,0,13.49,good,38.5,No,""
433,SP-014,"Pinesburg",5794.2,61.8,61.8,0.0,100.0,-595.94,95994,95994,0,16.57,good,47.3,No,""
434,SP-194,"Mount Vernon (Newark)",135,61.6,42.5,-30.9,100.0,,1283,1283,0,9.50,good,27.1,No,"insolation_gap_negative"
435,SP-283,"Sycamore",1558.7,61.4,60.7,-1.2,100.0,-678.82,22963,22963,0,14.73,good,42.1,No,""
436,SP-393B,"TD11B - St. James",278.5,61.3,61.3,0.0,90.0,-692.38,3560,3560,0,12.78,good,36.5,No,""
437,SP-239,"3100 Washington",583.2,61.1,63.4,3.7,80.0,-842.91,12901,12901,0,22.12,good,63.2,No,""
438,SP-579,"(Pebble) Our Lady of Mount Carmel Church",180,61.0,54.3,-10.9,49.4,-572.83,2998,2998,0,16.66,good,47.6,No,""
439,SP-067,"Saddle Rowe",311.9,60.8,59.0,-2.9,100.0,-666.28,3658,3658,0,11.73,good,33.5,No,""
440,SP-520,"(Pebble) Home Depot - Riverdale, NJ (Store #919)",469,60.3,44.4,-26.3,66.7,-1476.03,5399,5399,0,11.51,good,32.9,No,""
441,SP-147,"Blue Hen",1986.5,59.9,41.1,-31.4,50.0,-1168.80,23504,23504,0,11.83,good,33.8,No,"insolation_gap_negative"
442,SP-391,"TD07 - St. George",55.1,59.9,59.9,0.0,100.0,-97.01,732,732,0,13.28,good,37.9,No,"availability_estimated_from_cf"
443,SP-515,"(Pebble) Home Depot Honolulu",600,59.2,49.6,-16.3,63.6,-1082.63,10043,10043,0,16.74,good,47.8,No,""
444,SP-128C,"Town of Vernon - Northeast School",135.1,58.7,57.7,-1.6,99.6,7.62,1549,1549,0,11.46,good,32.8,No,""
445,SP-114,"225 Arlington",223.3,58.6,49.3,-15.8,100.0,-423.81,2420,2420,0,10.84,good,31.0,No,""
446,SP-070,"150 Enterprise",138.2,58.4,53.8,-7.8,87.5,-310.10,1541,1541,0,11.15,good,31.8,No,"inverter_only"
447,SP-514,"(Pebble) Home Depot Pearl City",560,58.2,56.1,-3.6,49.4,-1261.85,10525,10525,0,18.79,good,53.7,No,""
448,SP-562B,"(Pebble) King's Park Site 2",2980,57.7,57.7,0.0,90.3,,47062,47062,0,15.79,good,45.1,No,""
449,SP-054,"PF-Chicago 3",2107.9,57.6,41.0,-28.9,66.7,-364.05,17202,17202,0,8.16,good,23.3,No,""
450,SP-111F,"Lord Phillips - Building F",160.9,57.6,45.4,-21.3,50.0,427.77,1388,1388,0,8.63,good,24.6,No,""
451,SP-471,"(Pebble) CSU - Clear Springs Ranch",14070,57.6,71.1,23.6,79.5,-14747.52,379413,379413,0,26.97,good,77.0,No,""
452,SP-385,"Trenton Diocese 01- Our Lady Sorrows",160,57.1,57.1,0.0,100.0,-313.78,2083,2083,0,13.02,good,37.2,No,""
453,SP-389C,"TD05C - St. Gabriel Rectory",33.3,56.6,56.6,0.0,100.0,-61.91,477,477,0,14.32,good,40.9,No,""
454,SP-470A,"(Pebble) Becton Dickinson Ground",2035,55.6,41.5,-25.4,50.0,-2518.39,19467,19467,0,9.57,good,27.3,No,""
455,SP-066A,"Lakewood - City Hall",72.3,55.4,51.7,-6.6,100.0,-43.31,595,595,0,8.23,good,23.5,No,""
456,SP-388B,"TD04B - Visitation Rectory",41.6,55.2,55.2,0.0,100.0,-62.91,587,587,0,14.10,good,40.3,No,""
457,SP-128A,"Town of Vernon - Center Rd School",331,54.6,54.5,-0.3,68.9,-61.98,3745,3745,0,11.31,good,32.3,No,""
458,SP-349,"Eagle Hill School",230,54.4,54.4,0.0,70.9,-1630.93,2749,2749,0,11.95,good,34.1,No,""
459,SP-079B,"Ferris 2 - Ingram Elementary School",106.9,53.8,53.8,0.0,100.0,-7.31,800,800,0,7.48,good,21.4,No,"inverter_only"
460,SP-251,"14 Shire",208.6,53.7,42.5,-20.9,85.7,180.61,1782,1782,0,8.54,good,24.4,No,""
461,SP-335,"Montclair-Upper School",245.2,53.6,53.6,0.0,75.0,-58.49,2584,2584,0,10.54,good,30.1,No,""
462,SP-386B,"TD02B - St Ann School",170,53.6,53.6,0.0,100.0,-317.57,1047,1047,0,6.16,good,17.6,No,""
463,SP-365,"Phillips Academy- 11 Abbott Campus",47.1,53.5,53.5,0.0,97.0,-261.32,581,581,0,12.35,good,35.3,No,""
464,SP-538,"(Pebble) Newtown Site",1370,53.4,38.9,-27.3,10.5,-2747.64,13442,13442,0,9.81,good,28.0,No,""
465,SP-081,"Norton (54 Plain St.)",1692.2,53.2,48.9,-8.1,100.0,-1435.46,20778,20778,0,12.28,good,35.1,No,""
466,SP-238,"10010 Shops Way",313.6,52.8,40.2,-24.0,79.1,470.44,2785,2785,0,8.88,good,25.4,No,""
467,SP-384,"Scripps 4275 Campus Point",530,52.5,66.6,26.8,40.0,670.95,11718,11718,0,22.11,good,63.2,No,""
468,SP-549,"(Pebble) Big Lake",6938,51.9,51.9,0.0,100.0,247.18,103604,103604,0,14.93,good,42.7,No,""
469,SP-394,"Unilever",396.5,51.7,51.7,0.0,83.1,-1511.90,4891,4891,0,12.33,good,35.2,No,""
470,SP-467,"(Pebble) Amazon - FAT1",5837,51.6,47.9,-7.2,46.1,-6119.26,88682,88682,0,15.19,good,43.4,No,""
471,SP-527,"(Pebble) Home Depot - West Hartford, CT - (Store #6210)",255,51.4,36.4,-29.1,66.7,-367.37,2412,2412,0,9.46,good,27.0,No,""
472,SP-023,"BVD-PLT",319.7,51.2,65.1,27.3,98.9,-981.93,4980,4980,0,15.58,good,44.5,No,""
473,SP-389A,"TD05A - St. Gabriel   Parish Center",143.4,51.2,51.2,0.0,75.0,-354.38,1826,1826,0,12.74,good,36.4,No,""
474,SP-068,"27 Maple",616.5,50.6,44.6,-11.8,70.5,-1064.99,6374,6374,0,10.34,good,29.5,No,""
475,SP-080C,"Fairfield - Intermediate School",76.8,50.5,50.5,0.0,100.0,-7.14,1042,1042,0,13.57,good,38.8,No,""
476,SP-044,"17 Terry",262.2,49.6,42.7,-13.8,50.0,-593.43,2356,2356,0,8.99,good,25.7,No,""
477,SP-386A,"TD02A - St Ann Church",91.7,49.6,49.6,0.0,100.0,-580.47,1980,1980,0,21.60,good,61.7,No,""
478,SP-381,"Lefiell - Manufacturing",524.2,49.4,49.4,0.0,20.0,-1209.08,6488,6488,0,12.38,good,35.4,No,""
479,SP-392B,"TD09B - St. Leo AAC",81.9,49.3,49.3,0.0,20.0,-230.42,964,964,0,11.77,good,33.6,No,""
480,SP-158,"241 Willard",696.5,48.2,31.3,-35.2,73.8,-7.33,4028,4028,0,5.78,good,16.5,No,"insolation_gap_negative"
481,SP-085A,"KSU-Ashtabula",864,48.0,67.4,40.4,100.0,342.09,13392,13392,0,15.50,good,44.3,No,"insolation_gap_positive"
482,SP-113,"427 Turnpike",634.3,47.2,45.6,-3.5,67.2,-1360.21,5345,5345,0,8.43,good,24.1,No,""
483,SP-330,"LL Valleyview OH",1256,47.1,47.1,0.0,100.0,-938.39,13236,13236,0,10.54,good,30.1,No,""
484,SP-374,"Glenarden Family Life Center",246.2,46.5,46.5,0.0,100.0,-439.12,3002,3002,0,12.19,good,34.8,No,""
485,SP-229B,"New Rochelle - Office",104.8,45.7,26.3,-42.4,33.3,-226.08,606,606,0,5.78,good,16.5,No,"insolation_gap_negative"
486,SP-370,"Athelas Institute",94.5,44.8,44.8,0.0,80.0,-120.28,1195,1195,0,12.64,good,36.1,No,""
487,SP-078B,"Ferris 1 - Jr. High School",93.1,44.5,30.4,-31.7,33.3,-68.34,789,789,0,8.47,good,24.2,No,"insolation_gap_negative"
488,SP-563D,"(Pebble) San Joaquin-Waste Water",110,44.4,82.2,85.2,100.0,-805.03,3038,3038,0,27.62,good,78.9,No,"insolation_gap_positive"
489,SP-111D,"Lord Phillips - Building D",161.3,40.7,40.7,0.0,65.0,-402.71,1244,1244,0,7.71,good,22.0,No,""
490,SP-016,"15 Aegean",229.4,40.3,31.6,-21.7,65.0,-495.03,1537,1537,0,6.70,good,19.1,No,"inverter_only"
491,SP-392C,"TD09C - St. Leo Parish Center",54,38.6,38.6,0.0,33.3,-216.21,494,494,0,9.15,good,26.2,No,""
492,SP-009,"McLeod",1440.7,38.1,32.5,-14.7,46.0,-1583.98,11913,11913,0,8.27,good,23.6,No,""
493,SP-562A,"(Pebble) King's Park Site 1",2980,37.3,37.3,0.0,62.9,,30436,30436,0,10.21,good,29.2,No,""
494,SP-111B,"Lord Phillips - Building B",159.9,36.2,36.2,0.0,55.3,-440.63,1094,1094,0,6.84,good,19.5,No,""
495,SP-045,"193 Whites Path",289.9,31.6,33.7,6.5,50.0,-1082.95,2142,2142,0,7.39,good,21.1,No,""
496,SP-484A,"(Pebble) Oneida DG Solar, LLC South",2590,28.9,21.0,-27.3,66.2,-3517.73,12000,12000,0,4.63,good,13.2,No,"availability_estimated_from_cf"
497,SP-269,"Lincoln RI",480.7,28.8,22.9,-20.5,79.1,-490.10,2414,2414,0,5.02,good,14.3,No,""
498,SP-523,"(Pebble) Home Depot - West Long Branch, NJ - (Store #907)",241,26.1,15.4,-40.9,33.3,-1163.50,988,988,0,4.10,good,11.7,No,"insolation_gap_negative"
499,SP-111C,"Lord Phillips - Building C",160.2,25.0,25.0,0.0,39.3,-543.43,753,753,0,4.70,good,13.4,No,""
500,SP-530,"(Pebble) Tompkins Cortland CC - TC3",2584,24.6,20.7,-16.0,72.4,-4290.47,13100,13100,0,5.07,good,14.5,No,"availability_estimated_from_cf"
501,SP-392A,"TD09A - St. Leo The Great",249.6,22.9,22.9,0.0,77.7,-1446.52,1357,1357,0,5.44,good,15.5,No,"availability_estimated_from_cf"
502,SP-025,"Plymouth",1069.2,22.6,27.5,21.5,60.0,-1050.00,7253,7253,0,6.78,good,19.4,No,""
503,SP-389B,"TD05B - St. Gabriel Church",79.4,21.6,21.6,0.0,76.5,-473.51,425,425,0,5.35,good,15.3,No,"availability_estimated_from_cf"
504,SP-143,"1490 Central",803.2,19.8,18.7,-6.0,53.1,-2699.62,2985,2985,0,3.72,good,10.6,No,"availability_estimated_from_cf"
505,SP-111E,"Lord Phillips - Building E",160.6,19.4,19.4,0.0,66.7,-599.49,590,590,0,3.67,good,10.5,No,""
506,SP-395B,"Wheeler Ridge- Spill Basin",1108.8,17.6,22.8,29.4,35.8,-3180.53,8340,8340,0,7.52,good,21.5,No,""
507,SP-252,"401 South",1413.7,13.0,10.7,-17.8,32.0,-4443.27,3171,3171,0,2.24,good,6.4,No,"availability_estimated_from_cf"
508,SP-211,"Fulton Bank",158.4,1.5,1.1,-29.2,3.3,-767.34,36,36,0,0.23,good,0.7,No,"availability_estimated_from_cf"
509,SP-060,"640 Iyannough",126.2,0.2,0.1,-24.0,0.5,-542.28,4,4,0,0.03,good,0.1,No,"availability_estimated_from_cf"
510,SP-019,"340 Hokum",156,0.0,0.0,0.0,,-838.40,0,0,0,0.00,good,0.0,No,"inverter_only"
511,SP-046,"1 Huntington",63.1,0.0,0.0,0.0,,-337.26,0,0,0,0.00,good,0.0,No,"inverter_only"
512,SP-066C,"Lakewood - Park Streets Service Garage",178.1,0.0,0.0,0.0,,-279.42,0,0,0,0.00,good,0.0,No,"inverter_only"
513,SP-084A,"Cleveland Heights - City Hall",120.1,0.0,0.0,0.0,,-230.27,0,0,0,0.00,good,0.0,No,"inverter_only"
514,SP-084C,"Cleveland Heights - Service Garage",189.6,0.0,0.0,0.0,,-363.70,0,0,0,0.00,good,0.0,No,"inverter_only"
515,SP-112,"1 Fitchburg",287.2,0.0,0.0,0.0,,-1181.94,0,0,0,0.00,good,0.0,No,"inverter_only"
516,SP-127,"Salvation Army",1474.9,0.0,0.0,0.0,,-9047.53,0,0,0,0.00,good,0.0,No,"inverter_only"
517,SP-132,"Lineage (MS)",1457,0.0,0.0,0.0,,-1867.74,0,0,0,0.00,good,0.0,No,"inverter_only"
518,SP-214,"1 Commercial",1151.8,0.0,0.0,-17.0,,-5007.80,0,0,0,0.00,good,0.0,No,"inverter_only"
519,SP-220,"JFW - Lakeport",630.6,0.0,0.0,0.0,,-2363.61,0,0,0,0.00,good,0.0,No,"inverter_only"
520,SP-247,"2100 E. 55th Street",575.6,0.0,0.0,0.0,,-3332.16,0,0,0,0.00,good,0.0,No,"inverter_only"
521,SP-344,"Bourne Water District",650,0.0,0.0,0.0,,-8350.48,0,0,0,0.00,good,0.0,No,"inverter_only"
522,SP-366,"Proctor II",93.9,0.0,0.0,0.0,,-477.35,0,0,0,0.00,good,0.0,No,"inverter_only"
523,SP-367,"Rochester",1072.2,0.0,0.0,0.0,,-13300.60,0,0,0,0.00,good,0.0,No,"inverter_only"
524,SP-388A,"TD04A - Visitation Church",81.9,0.0,0.0,0.0,,-685.87,0,0,0,0.00,good,0.0,No,"inverter_only"
525,SP-421,"Middlesex ES/MS",1009.8,0.0,0.0,0.0,,-3012.58,0,0,0,0.00,good,0.0,No,"inverter_only"
526,SP-469A,"(Pebble) Bethlehem East",2445,0.0,0.0,0.0,,-5300.45,0,0,0,0.00,good,0.0,No,"inverter_only"
527,SP-480,"(Pebble) Hardwick Eagle Hill",1212,0.0,0.0,-20.7,,-2621.32,0,0,0,0.00,good,0.0,No,"inverter_only"
528,SP-484B,"(Pebble) Oneida DG Solar, LLC West",2590,0.0,0.0,0.0,,-6004.79,0,0,0,0.00,good,0.0,No,"inverter_only"
529,SP-511,"(Pebble) ABCWUA - San Juan Chama WTP",1880,0.0,0.0,-7.7,,-6791.59,0,0,0,0.00,good,0.0,No,"inverter_only"
530,SP-548,"(Pebble) Cottage Grove",6402,0.0,0.0,0.0,,-12135.11,0,0,0,0.00,good,0.0,No,"inverter_only"
531,SP-560,"(Pebble) KPUB - Mo Ranch Site",1334,0.0,0.0,0.0,,-1233.19,0,0,0,0.00,good,0.0,No,"inverter_only"
532,SP-569,"(Pebble) El Camino Irrigation District",360,0.0,0.0,0.0,,-4361.35,0,0,0,0.00,good,0.0,No,"inverter_only"
533,SP-570E,"(Pebble) SS Los Ranchitos",138,0.0,0.0,-22.5,,-113.35,0,0,0,0.00,good,0.0,No,"inverter_only"
534,SP-571A,"(Pebble) St. Gregory the Great Church",120,0.0,0.0,0.0,,-1150.28,0,0,0,0.00,good,0.0,No,"inverter_only"
535,SP-580,"(Pebble) St Stephens",72,0.0,0.0,0.0,,-721.77,0,0,0,0.00,good,0.0,No,"inverter_only"
536,SP-581,"(Pebble) Our Lady of Angels Church",50,0.0,0.0,0.0,,-440.97,0,0,0,0.00,good,0.0,No,"inverter_only"
537,SP-591,"(Pebble) St. Lucy's Priory High School",130,0.0,0.0,0.0,,-1545.73,0,0,0,0.00,good,0.0,No,"inverter_only"